{
    "user4": {
        "avg_return_score": 47.857142857142854,
        "ability_to_sub": true,
        "score": 85.85714285714286,
        "loan_amount": 121
    },
    "user3": {
        "avg_return_score": 44.285714285714285,
        "ability_to_sub": false,
        "score": 44.285714285714285,
        "loan_amount": 76
    },
    "user2": {
        "avg_return_score": 39.666666666666664,
        "ability_to_sub": true,
        "score": 69.66666666666666,
        "loan_amount": 97
    },
    "user1": {
        "avg_return_score": 50.416666666666664,
        "ability_to_sub": true,
        "score": 70.41666666666666,
        "loan_amount": 108
    }
}